{"cameraMode":{"drawMode":0,"name":"Shaded","section":"Shading Mode"},"sceneLighting":true,"audioPlay":false,"sceneViewState":{"m_AlwaysRefresh":false,"showFog":true,"showSkybox":true,"showFlares":true,"showImageEffects":true,"showParticleSystems":true,"showVisualEffectGraphs":true,"m_FxEnabled":true},"in2DMode":false,"pivot":{"x":59.65206527709961,"y":-14.823423385620118,"z":-10.945045471191407},"rotation":{"x":0.33475202322006228,"y":-0.016960134729743005,"z":0.00602614926174283,"w":0.9421373009681702},"size":21.685535430908204,"orthographic":false}